District,State,Total,19&over,17-18,15-16,13-14,12-Nov,10-Sep,8-Jul,6&under,YearSpan,Year,state_id
Pacific,AK,"8,743","3,693",409,535,706,734,758,813,"1,095",23-24,2024,01
Pacific,AK,"8,503","3,633",389,540,649,734,732,768,"1,058",22-23,2023,01
Pacific,AK,"8,130","3,302",393,534,626,730,717,751,"1,077",21-22,2022,01
Pacific,AK,6753,2403,330,530,634,669,684,655,848,20-21,2021,01
Pacific,AK,8540,3988,309,522,620,668,715,700,1018,19-20,2020,01
Pacific,AK,"8,609","4,072",316,489,627,688,700,750,967,18-19,2019,01
Pacific,AK,"8,664","4,117",293,458,641,712,692,778,973,17-18,2018,01
Pacific,AK,"8,793","4,150",305,446,625,698,735,773,"1,061",16-17,2017,01
Pacific,AK,"8,755","4,083",320,422,577,707,738,762,"1,146",15-16,2016,01
Pacific,AK,"8,788","4,220",333,460,578,671,715,716,"1,095",14-15,2015,01
Pacific,AK,"8,469","4,145",336,449,545,660,689,680,965,13-14,2014,01
Pacific,AK,"8,454","4,100",362,444,611,652,690,663,932,13-Dec,2013,01
Pacific,AK,"8,616","4,155",362,492,601,652,737,722,895,12-Nov,2012,01
Pacific,AK,"8,640","4,156",367,526,618,694,707,675,897,11-Oct,2011,01
Pacific,AK,"8,477","3,979",382,513,711,701,687,670,834,10-Sep,2010,01
Pacific,AK,"8,350","3,798",347,591,721,714,728,668,783,9-Aug,2009,01
Pacific,AK,"8,215",3796,383,580,714,760,693,595,694,8-Jul,2008,01
Pacific,AK,"8,310",3664,398,551,793,801,722,656,725,7-Jun,2007,01
Southeastern,AL,"2,161",944,72,111,170,208,206,221,229,23-24,2024,02
Southeastern,AL,"2,120",900,46,109,151,215,228,220,251,22-23,2023,02
Southeastern,AL,"2,080",894,66,98,152,194,212,198,266,21-22,2022,02
Southeastern,AL,1715,702,56,92,126,165,205,174,195,20-21,2021,02
Southeastern,AL,2164,889,72,118,141,187,230,236,291,19-20,2020,02
Southeastern,AL,"2,140",853,71,106,132,178,232,258,310,18-19,2019,02
Southeastern,AL,"2,043",780,44,104,139,165,228,267,316,17-18,2018,02
Southeastern,AL,"1,793",699,60,81,132,154,181,232,254,16-17,2017,02
Southeastern,AL,"1,564",652,58,78,112,160,156,164,184,15-16,2016,02
Southeastern,AL,"1,497",641,55,85,94,154,159,137,172,14-15,2015,02
Southeastern,AL,"1,236",508,48,83,96,118,141,111,131,13-14,2014,02
Southeastern,AL,"1,203",479,52,74,107,125,133,120,113,13-Dec,2013,02
Southeastern,AL,"1,419",452,87,132,153,170,120,157,148,12-Nov,2012,02
Southeastern,AL,"1,272",425,84,87,118,147,136,131,144,11-Oct,2011,02
Southeastern,AL,"1,114",354,63,95,109,136,121,94,142,10-Sep,2010,02
Southeastern,AL,"1,020",300,83,88,114,129,129,103,74,9-Aug,2009,02
Southeastern,AL,"1,090",347,64,85,104,126,146,122,96,8-Jul,2008,02
Southeastern,AL,974,271,56,101,104,120,133,108,81,7-Jun,2007,02
Southeastern,AR,398,50,16,23,56,52,86,69,46,23-24,2024,05
Southeastern,AR,415,83,11,24,38,65,74,79,41,22-23,2023,05
Southeastern,AR,366,57,14,23,31,63,65,66,47,21-22,2022,05
Southeastern,AR,294,52,14,19,32,33,56,49,39,20-21,2021,05
Southeastern,AR,303,51,18,17,30,30,61,44,52,19-20,2020,05
Southeastern,AR,347,93,11,26,19,42,50,47,59,18-19,2019,05
Southeastern,AR,385,140,11,27,31,36,36,55,49,17-18,2018,05
Southeastern,AR,437,185,14,30,31,24,39,50,64,16-17,2017,05
Southeastern,AR,421,234,16,27,32,36,25,23,28,15-16,2016,05
Southeastern,AR,404,219,11,19,32,28,34,31,30,14-15,2015,05
Southeastern,AR,359,184,14,14,32,36,26,25,28,13-14,2014,05
Southeastern,AR,317,133,13,18,20,40,32,29,32,13-Dec,2013,05
Southeastern,AR,281,107,17,15,19,38,38,24,23,12-Nov,2012,05
Southeastern,AR,277,93,14,16,20,24,41,38,31,11-Oct,2011,05
Southeastern,AR,216,59,19,22,17,23,35,20,21,10-Sep,2010,05
Southeastern,AR,176,31,16,19,18,24,19,24,25,9-Aug,2009,05
Southeastern,AR,182,26,15,22,20,23,18,35,23,8-Jul,2008,05
Southeastern,AR,211,29,2,,15,,27,,26,7-Jun,2007,05
Rocky Mountain,AZ,"9,524","4,896",472,653,725,805,774,735,464,23-24,2024,04
Rocky Mountain,AZ,"9,716","4,884",469,683,677,770,879,795,559,22-23,2023,04
Rocky Mountain,AZ,"9,232","4,500",442,641,716,736,870,769,558,21-22,2022,04
Rocky Mountain,AZ,7480,3653,385,593,668,623,665,529,364,20-21,2021,04
Rocky Mountain,AZ,8803,4186,408,575,670,718,804,804,638,19-20,2020,04
Rocky Mountain,AZ,"8,983","4,286",420,546,673,725,775,821,737,18-19,2019,04
Rocky Mountain,AZ,"8,617","4,098",390,532,625,669,714,762,827,17-18,2018,04
Rocky Mountain,AZ,"7,781","3,907",348,536,564,630,644,548,604,16-17,2017,04
Rocky Mountain,AZ,"7,510","3,707",394,500,573,605,610,501,620,15-16,2016,04
Rocky Mountain,AZ,"7,329","3,714",390,461,563,540,560,505,596,14-15,2015,04
Rocky Mountain,AZ,"4,860","2,332",331,415,420,436,413,286,227,13-14,2014,04
Rocky Mountain,AZ,"4,125","1,717",281,431,385,434,387,274,216,13-Dec,2013,04
Rocky Mountain,AZ,"4,113","1,717",321,408,391,384,380,285,227,12-Nov,2012,04
Rocky Mountain,AZ,"3,649","1,501",312,389,411,322,323,238,153,11-Oct,2011,04
Rocky Mountain,AZ,"3,339","1,200",347,438,396,307,283,209,159,10-Sep,2010,04
Rocky Mountain,AZ,"4,001","1,449",377,470,419,380,330,272,304,9-Aug,2009,04
Rocky Mountain,AZ,"4,039",1462,364,547,459,439,324,290,154,8-Jul,2008,04
Rocky Mountain,AZ,"3,927",1385,373,556,470,373,346,271,153,7-Jun,2007,04
Pacific,CA,"32,201","17,146","1,313","1,898","2,213","2,397","2,661","2,599","1,974",23-24,2024,06
Pacific,CA,"30,702","16,678","1,211","1,856","2,162","2,428","2,421","2,294","1,652",22-23,2023,06
Pacific,CA,"28,167","15,438","1,187","1,742","2,118","2,235","2,409","1,898","1,140",21-22,2022,06
Pacific,CA,12054,3818,933,1448,1664,1599,1368,845,379,20-21,2021,06
Pacific,CA,32823,17079,1210,1772,2280,2631,2884,2904,2063,19-20,2020,06
Pacific,CA,"32,696","17,228","1,230","1,765","2,144","2,625","2,844","2,778","2,082",18-19,2019,06
Pacific,CA,"31,690","16,804","1,240","1,699","2,021","2,426","2,669","2,725","2,106",17-18,2018,06
Pacific,CA,"29,849","16,818","1,199","1,743","2,018","2,129","2,382","2,096","1,464",16-17,2017,06
Pacific,CA,"28,296","16,616","1,171","1,700","1,854","2,008","2,070","1,752","1,125",15-16,2016,06
Pacific,CA,"26,383","15,400","1,107","1,594","1,864","1,929","1,829","1,625","1,035",14-15,2015,06
Pacific,CA,"25,288","15,319","1,068","1,533","1,766","1,733","1,650","1,321",898,13-14,2014,06
Pacific,CA,"24,126","14,617","1,087","1,388","1,649","1,729","1,525","1,257",874,13-Dec,2013,06
Pacific,CA,"24,101","14,804","1,092","1,375","1,609","1,699","1,489","1,241",792,12-Nov,2012,06
Pacific,CA,"22,305","13,501","1,130","1,410","1,474","1,535","1,485","1,067",703,11-Oct,2011,06
Pacific,CA,"20,404","12,310","1,149","1,314","1,380","1,413","1,297",945,596,10-Sep,2010,06
Pacific,CA,"20,380","12,158","1,099","1,345","1,491","1,405","1,293","1,025",564,9-Aug,2009,06
Pacific,CA,"21,167",12437,"1,132","1,430","1,557","1,520","1,383","1,070",638,8-Jul,2008,06
Pacific,CA,"19,660",10971,"1,083","1,480","1,661","1,548","1,327","1,016",574,7-Jun,2007,06
Rocky Mountain,CO,"17,902","5,729","1,023","1,540","1,815","1,984","2,157","2,171","1,483",23-24,2024,08
Rocky Mountain,CO,"17,164","5,400",968,"1,539","1,734","1,882","2,067","2,054","1,520",22-23,2023,08
Rocky Mountain,CO,"15,547","4,759",928,"1,420","1,638","1,814","1,897","1,729","1,362",21-22,2022,08
Rocky Mountain,CO,12732,3245,943,1337,1659,1641,1620,1330,957,20-21,2021,08
Rocky Mountain,CO,15347,5260,913,1349,1546,1705,1783,1612,1179,19-20,2020,08
Rocky Mountain,CO,"15,641","5,393",911,"1,374","1,505","1,758","1,813","1,690","1,197",18-19,2019,08
Rocky Mountain,CO,"15,222","5,001",881,"1,391","1,548","1,635","1,761","1,707","1,298",17-18,2018,08
Rocky Mountain,CO,"14,181","4,517",844,"1,327","1,574","1,548","1,576","1,582","1,213",16-17,2017,08
Rocky Mountain,CO,"13,777","4,597",940,"1,243","1,574","1,641","1,527","1,374",881,15-16,2016,08
Rocky Mountain,CO,"13,652","4,692",960,"1,244","1,507","1,569","1,428","1,354",898,14-15,2015,08
Rocky Mountain,CO,"13,570","4,714",964,"1,309","1,405","1,513","1,481","1,268",916,13-14,2014,08
Rocky Mountain,CO,"13,322","4,477",944,"1,358","1,429","1,496","1,468","1,229",921,13-Dec,2013,08
Rocky Mountain,CO,"14,474","5,443","1,012","1,371","1,512","1,471","1,417","1,356",892,12-Nov,2012,08
Rocky Mountain,CO,"14,294","5,309","1,010","1,420","1,560","1,443","1,393","1,248",911,11-Oct,2011,08
Rocky Mountain,CO,"13,437","4,559","1,097","1,464","1,580","1,504","1,264","1,125",844,10-Sep,2010,08
Rocky Mountain,CO,"13,439","4,326","1,065","1,521","1,655","1,571","1,317","1,116",868,9-Aug,2009,08
Rocky Mountain,CO,"14,355",4931,"1,061","1,568","1,720","1,635","1,425","1,176",839,8-Jul,2008,08
Rocky Mountain,CO,"13,756",4310,977,"1,569","1,774","1,700","1,501","1,148",777,7-Jun,2007,08
New England,CT,"11,954","1,356",825,"1,379","1,651","1,732","1,733","1,647","1,631",23-24,2024,09
New England,CT,"12,887","1,527",914,"1,388","1,715","1,732","1,875","1,854","1,882",22-23,2023,09
New England,CT,"12,729","1,431",893,"1,385","1,724","1,772","1,845","1,804","1,875",21-22,2022,09
New England,CT,11056,899,823,1395,1714,1769,1652,1465,1339,20-21,2021,09
New England,CT,13139,1782,838,1411,1781,1897,1824,1743,1863,19-20,2020,09
New England,CT,"13,118","1,763",779,"1,371","1,849","1,928","1,911","1,631","1,886",18-19,2019,09
New England,CT,"13,004","1,760",780,"1,313","1,878","1,984","1,923","1,630","1,736",17-18,2018,09
New England,CT,"13,026","1,826",825,"1,295","1,844","2,025","1,948","1,688","1,575",16-17,2017,09
New England,CT,"13,175","1,900",800,"1,254","1,765","2,073","2,000","1,753","1,630",15-16,2016,09
New England,CT,"13,414","2,063",830,"1,212","1,760","1,988","2,011","1,803","1,747",14-15,2015,09
New England,CT,"13,275","1,994",800,"1,200","1,709","1,940","2,064","1,759","1,809",13-14,2014,09
New England,CT,"13,325","1,995",820,"1,222","1,695","1,935","2,000","1,885","1,773",13-Dec,2013,09
New England,CT,"13,344","1,994",714,"1,191","1,708","2,000","1,913","1,950","1,874",12-Nov,2012,09
New England,CT,"12,380","1,480",700,"1,166","1,737","1,916","1,850","1,738","1,793",11-Oct,2011,09
New England,CT,"12,088","1,398",748,"1,166","1,737","1,900","1,870","1,638","1,631",10-Sep,2010,09
New England,CT,"11,736","1,215",717,"1,143","1,714","1,995","1,812","1,600","1,540",9-Aug,2009,09
New England,CT,"11,676",1150,644,"1,207","1,767","2,041","1,897","1,639","1,331",8-Jul,2008,09
New England,CT,"12,131",1558,523,"1,118","1,744","2,005","1,962","1,715","1,506",7-Jun,2007,09
Southeastern,DC,"1,201",562,34,59,116,119,117,116,78,23-24,2024,11
Southeastern,DC,"1,241",616,42,67,120,113,108,104,71,22-23,2023,11
Southeastern,DC,"1,295",608,45,59,98,127,119,92,147,21-22,2022,11
Southeastern,DC,860,351,26,74,83,112,87,81,46,20-21,2021,11
Southeastern,DC,1344,634,30,63,89,114,151,124,139,19-20,2020,11
Southeastern,DC,"1,484",683,53,50,96,114,153,121,214,18-19,2019,11
Southeastern,DC,"1,362",647,29,56,87,104,118,157,164,17-18,2018,11
Southeastern,DC,"1,274",610,29,59,77,104,100,143,152,16-17,2017,11
Southeastern,DC,"1,159",615,27,41,83,103,104,86,100,15-16,2016,11
Southeastern,DC,"1,117",640,29,36,82,102,103,82,43,14-15,2015,11
Southeastern,DC,"1,113",641,35,40,55,100,101,96,45,13-14,2014,11
Southeastern,DC,"1,000",559,33,35,49,90,89,94,51,13-Dec,2013,11
Southeastern,DC,899,481,35,25,48,84,87,83,56,12-Nov,2012,11
Southeastern,DC,805,441,29,44,44,51,85,68,43,11-Oct,2011,11
Southeastern,DC,742,402,36,42,52,50,69,52,39,10-Sep,2010,11
Southeastern,DC,658,350,30,40,58,46,59,51,24,9-Aug,2009,11
Southeastern,DC,604,334,20,37,56,61,38,40,18,8-Jul,2008,11
Southeastern,DC,561,297,26,23,49,57,48,47,14,7-Jun,2007,11
Atlantic,DE,915,280,69,95,131,106,105,94,35,23-24,2024,10
Atlantic,DE,933,278,67,103,110,127,105,91,52,22-23,2023,10
Atlantic,DE,947,317,76,97,100,122,94,83,58,21-22,2022,10
Atlantic,DE,796,180,76,98,99,108,112,80,43,20-21,2021,10
Atlantic,DE,954,315,78,97,106,103,130,82,43,19-20,2020,10
Atlantic,DE,998,337,81,111,92,100,121,103,53,18-19,2019,10
Atlantic,DE,"1,036",313,102,113,107,101,105,120,75,17-18,2018,10
Atlantic,DE,993,312,97,111,128,97,87,90,71,16-17,2017,10
Atlantic,DE,949,330,81,120,118,113,85,67,35,15-16,2016,10
Atlantic,DE,962,329,113,113,119,110,81,64,33,14-15,2015,10
Atlantic,DE,915,314,103,109,118,104,82,53,32,13-14,2014,10
Atlantic,DE,913,339,95,116,102,96,85,59,21,13-Dec,2013,10
Atlantic,DE,"1,074",369,135,150,110,115,100,72,23,12-Nov,2012,10
Atlantic,DE,"1,216",588,135,129,110,89,73,62,30,11-Oct,2011,10
Atlantic,DE,"1,049",401,128,134,124,95,83,52,32,10-Sep,2010,10
Atlantic,DE,"1,094",423,138,157,115,107,80,52,22,9-Aug,2009,10
Atlantic,DE,"1,116",461,116,166,126,102,70,57,18,8-Jul,2008,10
Atlantic,DE,"1,040",418,94,162,123,94,84,50,15,7-Jun,2007,10
Atlantic,E PA,"15,276","5,726","1,308","1,706","1,765","1,579","1,456","1,129",607,23-24,2024,42
Atlantic,E PA,"15,859","5,933","1,377","1,721","1,798","1,683","1,499","1,231",617,22-23,2023,42
Atlantic,E PA,"16,125","6,196","1,295","1,730","1,770","1,699","1,505","1,194",736,21-22,2022,42
Atlantic,E PA,14086,4510,1268,1666,1687,1675,1534,1134,612,20-21,2021,42
Atlantic,E PA,16495,5995,1334,1804,1856,1723,1674,1271,838,19-20,2020,42
Atlantic,E PA,"17,357","6,406","1,422","1,782","1,839","1,751","1,700","1,442","1,015",18-19,2019,42
Atlantic,E PA,"17,319","6,235","1,428","1,798","1,921","1,842","1,635","1,442","1,018",17-18,2018,42
Atlantic,E PA,"17,365","6,618","1,487","1,886","1,873","1,835","1,503","1,258",905,16-17,2017,42
Atlantic,E PA,"16,930","6,522","1,553","1,834","1,897","1,881","1,573","1,102",568,15-16,2016,42
Atlantic,E PA,"17,133","6,737","1,522","1,839","1,950","1,813","1,561","1,102",609,14-15,2015,42
Atlantic,E PA,"17,667","6,720","1,532","1,888","1,944","1,906","1,636","1,240",801,13-14,2014,42
Atlantic,E PA,"17,254","6,815","1,612","1,902","1,819","1,916","1,493","1,105",592,13-Dec,2013,42
Atlantic,E PA,"17,285","6,664","1,622","1,924","1,875","1,905","1,515","1,165",615,12-Nov,2012,42
Atlantic,E PA,"17,424","6,887","1,788","2,043","1,893","1,665","1,496","1,001",651,11-Oct,2011,42
Atlantic,E PA,"16,683","6,369","1,765","2,121","1,959","1,623","1,378",944,524,10-Sep,2010,42
Atlantic,E PA,"15,925","3,717","1,347","2,099","2,434","2,296","1,947","1,416",669,9-Aug,2009,42
Atlantic,E PA,"15,651",4459,"1,876","2,418","2,343","1,831","1,410",917,397,8-Jul,2008,42
Atlantic,E PA,"15,503",3926,"1,948","2,495","2,369","1,953","1,488",947,377,7-Jun,2007,42
Southeastern,FL,"21,199","11,709",806,"1,215","1,530","1,571","1,761","1,637",970,23-24,2024,12
Southeastern,FL,"19,550","10,781",726,"1,183","1,334","1,524","1,616","1,444",942,22-23,2023,12
Southeastern,FL,"18,725","10,346",673,"1,094","1,231","1,448","1,606","1,345",982,21-22,2022,12
Southeastern,FL,15587,8805,591,963,1143,1217,1270,942,656,20-21,2021,12
Southeastern,FL,16956,9482,639,912,1155,1162,1423,1228,955,19-20,2020,12
Southeastern,FL,"15,895","9,095",625,859,"1,050","1,107","1,190","1,170",799,18-19,2019,12
Southeastern,FL,"15,057","8,618",583,856,"1,005","1,056","1,093","1,074",772,17-18,2018,12
Southeastern,FL,"14,633","8,501",654,852,916,990,942,954,824,16-17,2017,12
Southeastern,FL,"13,276","8,077",631,810,899,929,872,676,382,15-16,2016,12
Southeastern,FL,"12,505","7,572",622,801,862,821,827,596,404,14-15,2015,12
Southeastern,FL,"11,982","7,130",659,754,833,810,772,568,456,13-14,2014,12
Southeastern,FL,"11,924","6,705",694,786,850,906,799,612,572,13-Dec,2013,12
Southeastern,FL,"11,721","6,444",645,857,798,920,836,636,585,12-Nov,2012,12
Southeastern,FL,"11,571","6,445",600,908,873,846,814,548,537,11-Oct,2011,12
Southeastern,FL,"10,856","5,872",683,801,960,788,779,523,450,10-Sep,2010,12
Southeastern,FL,"10,340","5,511",624,812,927,875,723,554,314,9-Aug,2009,12
Southeastern,FL,"10,708",5469,710,903,944,978,769,593,342,8-Jul,2008,12
Southeastern,FL,"10,180",4999,643,932,927,931,835,586,327,7-Jun,2007,12
Southeastern,GA,"2,215",662,193,255,269,277,246,202,111,23-24,2024,13
Southeastern,GA,"2,151",662,177,261,253,261,243,173,121,22-23,2023,13
Southeastern,GA,"2,078",515,187,262,272,256,252,194,140,21-22,2022,13
Southeastern,GA,1813,414,173,246,274,233,207,169,97,20-21,2021,13
Southeastern,GA,2330,597,206,274,289,268,268,236,192,19-20,2020,13
Southeastern,GA,"2,147",433,233,276,291,291,247,201,175,18-19,2019,13
Southeastern,GA,"2,213",488,207,289,293,281,271,212,172,17-18,2018,13
Southeastern,GA,"2,144",520,175,303,295,293,261,170,127,16-17,2017,13
Southeastern,GA,"2,080",442,174,289,306,301,255,188,125,15-16,2016,13
Southeastern,GA,"2,043",443,171,244,331,300,265,164,125,14-15,2015,13
Southeastern,GA,"2,095",488,182,252,297,314,283,165,114,13-14,2014,13
Southeastern,GA,"2,120",454,207,261,297,319,268,183,131,13-Dec,2013,13
Southeastern,GA,"2,355",518,216,276,294,345,315,221,170,12-Nov,2012,13
Southeastern,GA,"2,287",417,180,332,296,300,318,234,210,11-Oct,2011,13
Southeastern,GA,"2,142",334,181,321,333,314,292,226,141,10-Sep,2010,13
Southeastern,GA,"2,107",324,218,284,363,328,272,208,110,9-Aug,2009,13
Southeastern,GA,"2,217",376,225,298,364,336,282,207,129,8-Jul,2008,13
Southeastern,GA,"2,155",355,167,333,330,356,292,195,127,7-Jun,2007,13
Pacific,HI,422,285,8,13,18,28,31,23,16,23-24,2024,15
Pacific,HI,279,199,7,5,6,11,24,20,7,22-23,2023,15
Pacific,HI,25,16,0,2,4,2,1,0,0,21-22,2022,15
Pacific,HI,16,13,,,1,,1,,1,20-21,2021,15
Pacific,HI,354,249,5,9,12,18,19,21,21,19-20,2020,15
Pacific,HI,355,256,6,7,9,20,27,13,17,18-19,2019,15
Pacific,HI,286,214,2,8,7,12,17,14,12,17-18,2018,15
Pacific,HI,239,217,2,0,2,1,4,6,7,16-17,2017,15
Pacific,HI,22,18,0,0,0,2,1,1,0,15-16,2016,15
Pacific,HI,15,11,1,0,1,1,0,1,0,14-15,2015,15
Pacific,HI,19,15,1,2,0,0,1,0,0,13-14,2014,15
Pacific,HI,12,12,0,0,0,0,0,0,0,13-Dec,2013,15
Pacific,HI,12,12,0,0,0,0,0,0,0,12-Nov,2012,15
Pacific,HI,7,5,2,0,0,0,0,0,0,11-Oct,2011,15
Pacific,HI,11,4,2,0,1,1,0,0,3,10-Sep,2010,15
Pacific,HI,14,9,0,0,0,1,2,0,2,9-Aug,2009,15
Pacific,HI,26,7,2,1,1,2,4,5,4,8-Jul,2008,15
Pacific,HI,26,13,0,1,2,4,1,3,2,7-Jun,2007,15
Central,IA,"3,627",752,241,369,435,459,505,460,406,23-24,2024,19
Central,IA,"3,616",803,194,343,452,458,492,444,430,22-23,2023,19
Central,IA,"3,710",850,222,285,414,491,465,483,500,21-22,2022,19
Central,IA,3245,617,203,281,379,458,458,442,407,20-21,2021,19
Central,IA,3333,713,198,290,362,436,488,430,416,19-20,2020,19
Central,IA,"3,522",800,202,270,348,430,521,460,491,18-19,2019,19
Central,IA,"3,731","1,061",214,261,340,445,462,473,475,17-18,2018,19
Central,IA,"3,695","1,105",223,275,328,429,434,438,463,16-17,2017,19
Central,IA,"3,603","1,050",201,263,341,404,446,422,476,15-16,2016,19
Central,IA,"3,638","1,099",203,265,335,404,440,421,471,14-15,2015,19
Central,IA,"3,378",978,213,237,332,363,404,406,445,13-14,2014,19
Central,IA,"3,288",949,170,224,314,371,405,401,454,13-Dec,2013,19
Central,IA,"3,457","1,009",176,261,300,374,394,438,505,12-Nov,2012,19
Central,IA,"2,979",681,222,232,277,349,379,360,479,11-Oct,2011,19
Central,IA,"2,549",420,242,217,288,315,355,322,390,10-Sep,2010,19
Central,IA,"2,564",481,213,262,294,314,361,312,327,9-Aug,2009,19
Central,IA,"2,499",369,235,291,273,346,353,329,303,8-Jul,2008,19
Central,IA,"2,578",452,207,303,320,335,333,315,313,7-Jun,2007,19
Rocky Mountain,ID,"4,700","2,256",178,282,323,387,408,435,431,23-24,2024,16
Rocky Mountain,ID,"4,615","2,104",199,279,325,374,418,448,468,22-23,2023,16
Rocky Mountain,ID,"4,259","1,843",177,259,339,359,422,376,484,21-22,2022,16
Rocky Mountain,ID,3423,1408,160,280,309,342,328,286,310,20-21,2021,16
Rocky Mountain,ID,4175,1951,134,266,294,353,355,380,442,19-20,2020,16
Rocky Mountain,ID,"3,991","1,856",148,230,312,344,364,357,380,18-19,2019,16
Rocky Mountain,ID,"3,617","1,834",156,201,278,304,333,272,239,17-18,2018,16
Rocky Mountain,ID,"3,582","1,759",165,199,267,303,304,315,270,16-17,2017,16
Rocky Mountain,ID,"3,372","1,629",187,208,223,305,278,287,255,15-16,2016,16
Rocky Mountain,ID,"3,459","1,773",171,235,219,265,294,251,251,14-15,2015,16
Rocky Mountain,ID,"3,396","1,748",141,243,239,242,288,270,225,13-14,2014,16
Rocky Mountain,ID,"3,349","1,716",176,222,266,243,258,263,205,13-Dec,2013,16
Rocky Mountain,ID,"3,035","1,542",177,182,267,230,233,239,165,12-Nov,2012,16
Rocky Mountain,ID,"2,917","1,404",160,238,236,269,214,212,184,11-Oct,2011,16
Rocky Mountain,ID,"2,958","1,428",196,236,199,292,236,185,186,10-Sep,2010,16
Rocky Mountain,ID,"2,981","1,453",203,226,261,239,249,190,160,9-Aug,2009,16
Rocky Mountain,ID,"3,231",1594,187,274,258,228,287,224,179,8-Jul,2008,16
Rocky Mountain,ID,"3,011",1419,194,263,237,275,247,229,147,7-Jun,2007,16
Central,IL,"25,530","6,236","2,117","3,045","3,107","3,099","3,119","2,492","2,315",23-24,2024,17
Central,IL,"25,537","6,514","2,207","3,098","3,419","3,143","3,071","2,256","1,829",22-23,2023,17
Central,IL,"26,297","7,037","2,210","3,141","3,510","3,444","3,141","2,134","1,680",21-22,2022,17
Central,IL,23361,4206,2066,3189,3490,3532,3155,2152,1571,20-21,2021,17
Central,IL,29884,8506,2181,3184,3716,3934,3885,2473,2005,19-20,2020,17
Central,IL,"30,772","8,362","1,999","3,201","3,844","4,069","4,103","2,966","2,228",18-19,2019,17
Central,IL,"32,578","9,232","1,851","3,117","3,799","4,175","4,259","3,405","2,740",17-18,2018,17
Central,IL,"31,574","9,201","1,899","2,884","3,844","4,333","4,350","2,940","2,123",16-17,2017,17
Central,IL,"31,558","9,051","1,851","2,782","3,739","4,286","4,277","3,160","2,412",15-16,2016,17
Central,IL,"30,553","8,820","1,808","2,660","3,400","4,231","4,190","2,945","2,499",14-15,2015,17
Central,IL,"29,977","8,350","1,770","2,534","3,196","3,913","3,918","3,359","2,937",13-14,2014,17
Central,IL,"27,638","7,950","1,761","2,447","2,970","3,485","3,865","2,982","2,178",13-Dec,2013,17
Central,IL,"26,470","6,713","1,745","2,545","2,846","3,301","3,818","3,096","2,406",12-Nov,2012,17
Central,IL,"26,528","6,827","1,856","2,515","2,731","3,134","3,335","3,338","2,792",11-Oct,2011,17
Central,IL,"24,018","6,774","1,842","2,461","2,697","2,754","2,781","2,654","2,055",10-Sep,2010,17
Central,IL,"21,954","5,767","1,791","2,478","2,737","2,645","2,670","2,271","1,595",9-Aug,2009,17
Central,IL,"22,222",5329,"1,824","2,609","2,762","2,848","2,655","2,340","1,855",8-Jul,2008,17
Central,IL,"21,413",4600,"1,822","2,565","2,867","2,927","2,752","2,360","1,520",7-Jun,2007,17
Mid-American,IN,"6,497","2,401",368,600,630,666,742,601,489,23-24,2024,18
Mid‐American,IN,"6,481","2,384",403,628,626,674,658,610,498,22-23,2023,18
Mid‐American,IN,"6,536","2,467",418,507,667,676,670,615,516,21-22,2022,18
Mid‐American,IN,5768,1980,368,525,604,634,615,510,532,20-21,2021,18
Mid‐American,IN,6279,2378,380,532,620,697,623,537,512,19-20,2020,18
Mid-American,IN,"6,586","2,535",383,510,638,674,661,601,584,18-19,2019,18
Mid-American,IN,"6,389","2,544",367,491,647,657,656,557,470,17-18,2018,18
Mid-American,IN,"6,379","2,473",358,483,602,680,645,508,630,16-17,2017,18
Mid-American,IN,"6,371","2,400",373,489,590,701,621,569,628,15-16,2016,18
Mid-American,IN,"6,185","2,319",380,471,577,645,678,541,574,14-15,2015,18
Mid-American,IN,"5,922","2,185",396,448,575,615,625,517,561,13-14,2014,18
Mid-American,IN,"5,797","2,094",404,445,577,634,612,555,476,13-Dec,2013,18
Mid-American,IN,"5,442","1,835",378,502,532,615,555,549,476,12-Nov,2012,18
Mid-American,IN,"5,292","1,770",414,490,523,544,536,536,479,11-Oct,2011,18
Mid-American,IN,"4,927","1,474",404,455,586,549,510,470,479,10-Sep,2010,18
Mid-American,IN,"4,830","1,330",408,485,571,578,537,447,474,9-Aug,2009,18
Mid-American,IN,"4,889",1399,382,507,525,632,525,456,463,8-Jul,2008,18
Mid-American,IN,"5,044",1438,386,518,616,620,555,480,431,7-Jun,2007,18
Central,KS,"1,976","1,054",99,119,156,170,152,145,81,23-24,2024,20
Central,KS,"1,850",984,84,110,145,168,136,131,92,22-23,2023,20
Central,KS,"1,758",943,80,107,130,166,141,113,78,21-22,2022,20
Central,KS,1609,851,72,118,117,142,146,100,63,20-21,2021,20
Central,KS,1792,929,75,122,131,149,175,121,90,19-20,2020,20
Central,KS,"1,771",963,57,101,155,141,153,127,74,18-19,2019,20
Central,KS,"1,663",884,66,94,149,149,140,116,65,17-18,2018,20
Central,KS,"1,633",882,96,88,125,154,122,100,66,16-17,2017,20
Central,KS,"1,546",769,74,115,129,156,150,95,58,15-16,2016,20
Central,KS,"1,636",802,83,117,119,159,150,109,97,14-15,2015,20
Central,KS,"1,648",760,92,107,144,155,166,121,103,13-14,2014,20
Central,KS,"1,573",706,73,114,147,159,156,126,92,13-Dec,2013,20
Central,KS,"2,011",898,70,123,150,181,250,169,170,12-Nov,2012,20
Central,KS,"1,934","1,001",110,113,141,161,161,128,119,11-Oct,2011,20
Central,KS,"1,574",773,78,101,145,135,155,110,77,10-Sep,2010,20
Central,KS,"1,453",743,64,67,136,144,127,107,65,9-Aug,2009,20
Central,KS,"1,126",353,69,129,135,144,124,112,60,8-Jul,2008,20
Central,KS,"1,151",358,85,133,131,160,124,100,60,7-Jun,2007,20
Mid-American,KY,"2,070",930,74,110,165,195,200,213,183,23-24,2024,21
Mid‐American,KY,"1,980",913,80,107,135,192,191,179,183,22-23,2023,21
Mid‐American,KY,"1,866",870,80,102,122,164,204,163,161,21-22,2022,21
Mid‐American,KY,1569,698,71,97,127,126,171,132,147,20-21,2021,21
Mid‐American,KY,1874,850,61,117,118,135,184,209,200,19-20,2020,21
Mid-American,KY,"1,931",858,78,112,125,158,173,211,216,18-19,2019,21
Mid-American,KY,"1,855",870,87,92,144,114,151,183,214,17-18,2018,21
Mid-American,KY,"1,583",783,83,104,129,125,133,119,107,16-17,2017,21
Mid-American,KY,"1,611",764,80,125,107,148,134,134,119,15-16,2016,21
Mid-American,KY,"1,623",760,89,120,116,146,141,122,129,14-15,2015,21
Mid-American,KY,"1,625",726,105,101,135,114,167,128,149,13-14,2014,21
Mid-American,KY,"1,604",694,102,129,116,142,150,128,143,13-Dec,2013,21
Mid-American,KY,"1,625",679,114,128,128,147,128,155,146,12-Nov,2012,21
Mid-American,KY,"1,632",667,111,152,142,121,147,138,154,11-Oct,2011,21
Mid-American,KY,"1,619",631,108,169,145,147,136,118,165,10-Sep,2010,21
Mid-American,KY,"1,475",608,107,145,152,130,99,107,127,9-Aug,2009,21
Mid-American,KY,"1,494",581,107,168,162,137,123,97,119,8-Jul,2008,21
Mid-American,KY,"1,451",473,117,163,170,155,137,106,130,7-Jun,2007,21
Southeastern,LA,278,131,14,16,20,32,33,16,16,23-24,2024,22
Southeastern,LA,272,132,9,18,22,33,28,20,10,22-23,2023,22
Southeastern,LA,294,154,9,22,18,28,30,23,10,21-22,2022,22
Southeastern,LA,243,116,8,15,21,29,25,17,12,20-21,2021,22
Southeastern,LA,327,166,17,10,20,28,39,32,15,19-20,2020,22
Southeastern,LA,362,165,17,18,19,36,39,34,34,18-19,2019,22
Southeastern,LA,548,256,17,18,20,47,66,61,63,17-18,2018,22
Southeastern,LA,605,272,17,12,23,33,43,102,103,16-17,2017,22
Southeastern,LA,511,276,18,15,27,34,37,45,59,15-16,2016,22
Southeastern,LA,394,250,18,10,11,24,29,24,28,14-15,2015,22
Southeastern,LA,425,261,17,11,17,29,29,27,34,13-14,2014,22
Southeastern,LA,407,245,17,29,14,26,27,24,25,13-Dec,2013,22
Southeastern,LA,452,242,21,30,33,27,41,25,33,12-Nov,2012,22
Southeastern,LA,490,272,22,31,34,30,32,35,34,11-Oct,2011,22
Southeastern,LA,466,232,24,30,41,30,40,35,34,10-Sep,2010,22
Southeastern,LA,459,227,20,25,34,51,39,28,35,9-Aug,2009,22
Southeastern,LA,509,266,24,27,38,49,43,28,34,8-Jul,2008,22
Southeastern,LA,301,130,29,33,29,24,31,15,10,7-Jun,2007,22
Massachusetts,MA,"45,838","5,139","3,266","5,218","6,301","6,312","6,502","6,358","6,742",23-24,2024,25
Massachusetts,MA,"45,946","4,874","3,437","5,483","6,428","6,541","6,432","6,232","6,519",22-23,2023,25
Massachusetts,MA,"46,966","4,749","3,568","5,490","6,656","6,737","6,610","6,290","6,866",21-22,2022,25
Massachusetts,MA,41794,3543,3191,5363,6733,6755,6337,5194,4678,20-21,2021,25
Massachusetts,MA,48064,5181,3245,5497,6873,7117,7006,6289,6856,19-20,2020,25
Massachusetts,MA,"48,729","5,179","3,072","5,479","7,012","7,430","7,235","6,416","6,906",18-19,2019,25
Massachusetts,MA,"48,575","4,901","3,092","5,252","7,415","7,462","7,416","6,408","6,629",17-18,2018,25
Massachusetts,MA,"49,338","5,162","2,938","5,177","7,396","7,863","7,606","6,572","6,624",16-17,2017,25
Massachusetts,MA,"49,087","5,052","2,916","5,050","7,208","8,150","7,663","6,664","6,384",15-16,2016,25
Massachusetts,MA,"49,591","5,006","2,815","4,858","6,996","8,165","7,957","6,874","6,920",14-15,2015,25
Massachusetts,MA,"48,074","4,948","2,548","4,615","6,856","7,737","8,045","6,598","6,727",13-14,2014,25
Massachusetts,MA,"46,716","4,611","2,534","4,421","6,580","7,356","7,909","6,840","6,465",13-Dec,2013,25
Massachusetts,MA,"46,788","4,359","2,529","4,317","6,451","7,297","7,527","7,184","7,124",12-Nov,2012,25
Massachusetts,MA,"44,907","4,098","2,460","4,265","6,341","7,066","7,035","6,818","6,824",11-Oct,2011,25
Massachusetts,MA,"43,445","3,381","2,346","4,274","6,456","7,169","7,136","6,367","6,316",10-Sep,2010,25
Massachusetts,MA,"42,115","2,900","2,217","4,258","6,387","7,103","7,088","6,395","5,767",9-Aug,2009,25
Massachusetts,MA,"42,904",2887,"2,142","4,342","6,589","7,326","7,377","6,613","5,628",8-Jul,2008,25
Massachusetts,MA,"43,927",2473,"2,016","4,124","6,785","7,492","7,551","7,029","6,457",7-Jun,2007,25
Southeastern,MD,"10,164","4,097",715,984,"1,010","1,082",968,820,488,23-24,2024,24
Southeastern,MD,"10,160","4,157",730,949,"1,014","1,021",968,814,507,22-23,2023,24
Southeastern,MD,"10,080","4,231",724,971,"1,014",941,"1,001",766,432,21-22,2022,24
Southeastern,MD,7609,2342,637,953,948,955,827,631,316,20-21,2021,24
Southeastern,MD,10651,4225,727,1018,1050,1076,1025,957,573,19-20,2020,24
Southeastern,MD,"10,955","4,495",651,983,"1,069",977,"1,103","1,005",672,18-19,2019,24
Southeastern,MD,"10,742","4,261",669,972,"1,035",990,"1,023","1,003",789,17-18,2018,24
Southeastern,MD,"10,609","4,351",611,976,"1,047","1,005",827,"1,000",792,16-17,2017,24
Southeastern,MD,"9,588","3,951",603,988,"1,032",993,906,685,430,15-16,2016,24
Southeastern,MD,"9,607","3,946",602,911,"1,031","1,069",924,659,465,14-15,2015,24
Southeastern,MD,"9,122","3,633",615,850,"1,026",997,923,666,412,13-14,2014,24
Southeastern,MD,"9,159","3,590",625,845,953,992,976,723,455,13-Dec,2013,24
Southeastern,MD,"9,308","3,362",613,961,948,"1,080",990,772,582,12-Nov,2012,24
Southeastern,MD,"8,351","3,201",642,872,854,811,848,685,438,11-Oct,2011,24
Southeastern,MD,"7,326","2,639",673,879,819,710,708,559,339,10-Sep,2010,24
Southeastern,MD,"6,816","2,355",644,898,838,733,620,477,251,9-Aug,2009,24
Southeastern,MD,"6,651",2252,620,934,832,754,562,452,245,8-Jul,2008,24
Southeastern,MD,"6,715",1962,692,"1,060",911,761,623,443,263,7-Jun,2007,24
New England,ME,"6,042","1,050",302,434,606,758,822,876,"1,194",23-24,2024,23
New England,ME,"5,764",906,310,465,622,691,760,825,"1,185",22-23,2023,23
New England,ME,"5,909","1,133",330,497,632,679,770,741,"1,127",21-22,2022,23
New England,ME,5047,927,298,559,694,635,632,628,674,20-21,2021,23
New England,ME,6477,1335,293,495,742,726,742,851,1293,19-20,2020,23
New England,ME,"6,465","1,495",286,462,773,789,711,753,"1,196",18-19,2019,23
New England,ME,"6,628","1,480",305,495,828,821,700,722,"1,277",17-18,2018,23
New England,ME,"6,706","1,540",328,520,771,873,800,695,"1,179",16-17,2017,23
New England,ME,"6,688","1,660",311,570,756,890,814,698,989,15-16,2016,23
New England,ME,"6,440","1,428",304,559,825,853,827,755,889,14-15,2015,23
New England,ME,"6,526","1,654",301,452,883,859,843,734,800,13-14,2014,23
New England,ME,"5,882",824,303,473,846,950,815,818,853,13-Dec,2013,23
New England,ME,"6,201",937,311,552,775,956,843,841,986,12-Nov,2012,23
New England,ME,"6,417","1,055",336,557,816,918,871,780,"1,084",11-Oct,2011,23
New England,ME,"6,180",993,348,561,855,852,892,756,923,10-Sep,2010,23
New England,ME,"6,120",939,370,551,921,878,850,781,830,9-Aug,2009,23
New England,ME,"6,136",703,397,596,947,942,838,882,831,8-Jul,2008,23
New England,ME,"6,184",619,391,645,977,"1,013",849,840,850,7-Jun,2007,23
Michigan,MI,"39,990","16,236","1,670","2,548","3,507","3,868","4,008","3,921","4,232",23-24,2024,26
Michigan,MI,"37,024","13,299","1,824","2,662","3,495","3,780","3,856","3,918","4,190",22-23,2023,26
Michigan,MI,"37,381","13,431","2,119","2,675","3,597","3,813","3,857","3,680","4,209",21-22,2022,26
Michigan,MI,31212,10067,1722,2558,3517,3643,3559,3083,3063,20-21,2021,26
Michigan,MI,46857,22302,2282,2994,3633,3965,3892,3573,4216,19-20,2020,26
Michigan,MI,"48,664","23,216","2,319","3,048","3,880","4,043","3,923","3,713","4,522",18-19,2019,26
Michigan,MI,"48,739","23,032","2,322","3,171","4,183","3,946","4,084","3,704","4,297",17-18,2018,26
Michigan,MI,"50,106","23,307","2,543","3,448","4,297","4,410","4,151","3,759","4,191",16-17,2017,26
Michigan,MI,"50,022","23,252","2,503","3,400","4,399","4,692","4,142","3,783","3,851",15-16,2016,26
Michigan,MI,"50,602","23,482","2,642","3,421","4,551","4,756","4,425","3,546","3,779",14-15,2015,26
Michigan,MI,"50,585","22,878","2,700","3,552","4,657","4,761","4,713","3,528","3,796",13-14,2014,26
Michigan,MI,"51,929","22,967","2,724","3,790","4,745","5,000","4,715","4,124","3,864",13-Dec,2013,26
Michigan,MI,"52,944","22,852","2,841","3,900","4,880","5,117","4,910","4,353","4,091",12-Nov,2012,26
Michigan,MI,"54,251","22,600","3,043","4,157","5,134","5,219","5,041","4,520","4,537",11-Oct,2011,26
Michigan,MI,"51,404","20,010","3,053","4,270","5,298","5,260","4,976","4,320","4,217",10-Sep,2010,26
Michigan,MI,"52,022","19,186","3,164","4,626","5,724","5,612","5,201","4,421","4,088",9-Aug,2009,26
Michigan,MI,"52,692",18078,"3,229","5,120","6,088","6,034","5,517","4,656","3,970",8-Jul,2008,26
Michigan,MI,"52,204",16110,"3,049","5,062","6,492","6,513","5,979","4,982","4,017",7-Jun,2007,26
Minnesota,MN,"59,190","8,947","2,290","4,293","7,693","8,645","8,855","9,110","9,357",23-24,2024,27
Minnesota,MN,"58,929","9,045","2,376","4,209","7,604","8,514","8,730","9,241","9,210",22-23,2023,27
Minnesota,MN,"58,666","8,343","2,300","4,100","7,433","8,454","8,934","9,208","9,894",21-22,2022,27
Minnesota,MN,55284,6501,2672,4683,7423,8342,8622,8321,8720,20-21,2021,27
Minnesota,MN,57648,8766,2175,3808,7186,8337,8790,8937,9649,19-20,2020,27
Minnesota,MN,"57,923","8,817","2,146","3,809","7,136","8,395","8,896","9,122","9,602",18-19,2019,27
Minnesota,MN,"57,634","8,714","2,116","3,787","7,234","8,326","8,658","9,077","9,722",17-18,2018,27
Minnesota,MN,"57,179","9,218","2,107","3,744","7,287","8,200","8,621","8,718","9,284",16-17,2017,27
Minnesota,MN,"57,107","9,740","2,092","3,677","7,213","8,245","8,529","8,399","9,212",15-16,2016,27
Minnesota,MN,"55,450","9,578","1,936","3,622","7,063","8,217","8,223","8,138","8,673",14-15,2015,27
Minnesota,MN,"54,507","8,995","1,938","3,470","7,137","8,169","8,367","8,071","8,360",13-14,2014,27
Minnesota,MN,"53,935","8,599","1,925","3,465","7,124","8,218","8,456","7,996","8,152",13-Dec,2013,27
Minnesota,MN,"54,951","8,596","1,963","3,382","7,227","8,419","8,527","8,380","8,457",12-Nov,2012,27
Minnesota,MN,"54,325","7,730","1,848","3,599","7,094","8,560","8,587","8,407","8,500",11-Oct,2011,27
Minnesota,MN,"53,450","7,099","1,792","3,573","7,016","8,679","8,668","8,367","8,256",10-Sep,2010,27
Minnesota,MN,"52,333","6,507","1,703","3,453","7,129","8,455","8,811","8,440","7,835",9-Aug,2009,27
Minnesota,MN,"51,703",6535,"1,728","3,337","7,137","8,326","9,000","8,228","7,412",8-Jul,2008,27
Minnkota,MN,"49,796",5661,"1,561","3,033","6,942","8,474","8,695","8,259","7,171",7-Jun,2007,27
Central,MO,"11,244","3,116",627,954,"1,267","1,324","1,385","1,374","1,197",23-24,2024,29
Central,MO,"11,426","3,186",599,938,"1,252","1,292","1,476","1,336","1,347",22-23,2023,29
Central,MO,"10,651","2,956",571,869,"1,073","1,269","1,378","1,271","1,264",21-22,2022,29
Central,MO,8887,2225,533,815,961,1165,1137,1118,933,20-21,2021,29
Central,MO,9913,2729,538,782,994,1105,1272,1307,1186,19-20,2020,29
Central,MO,"7,826","1,517",508,764,922,"1,017","1,105",976,"1,017",18-19,2019,29
Central,MO,"7,604","1,349",480,762,870,994,"1,034","1,076","1,039",17-18,2018,29
Central,MO,"7,804","1,628",508,693,843,922,986,"1,098","1,126",16-17,2017,29
Central,MO,"7,284","1,573",511,682,824,883,929,922,960,15-16,2016,29
Central,MO,"7,082","1,577",505,706,754,846,873,862,959,14-15,2015,29
Central,MO,"7,162","1,688",511,676,758,826,811,854,"1,038",13-14,2014,29
Central,MO,"7,324","1,707",633,720,776,766,863,856,"1,003",13-Dec,2013,29
Central,MO,"7,183","1,652",529,747,759,761,847,880,"1,008",12-Nov,2012,29
Central,MO,"6,851","1,500",600,788,772,740,770,790,891,11-Oct,2011,29
Central,MO,"6,295","1,249",634,743,806,742,652,690,779,10-Sep,2010,29
Central,MO,"6,363","1,357",592,759,852,761,713,608,721,9-Aug,2009,29
Central,MO,"6,320",1133,630,859,858,813,738,613,676,8-Jul,2008,29
Central,MO,"6,241",1232,572,916,872,869,757,607,416,7-Jun,2007,29
Southeastern,MS,271,129,9,15,17,22,26,28,25,23-24,2024,28
Southeastern,MS,260,129,8,16,22,21,22,18,24,22-23,2023,28
Southeastern,MS,246,118,1,16,28,24,20,14,25,21-22,2022,28
Southeastern,MS,228,107,7,9,24,25,18,21,17,20-21,2021,28
Southeastern,MS,287,129,10,14,15,29,33,30,27,19-20,2020,28
Southeastern,MS,306,139,12,9,21,26,38,36,25,18-19,2019,28
Southeastern,MS,302,132,13,8,14,26,35,43,31,17-18,2018,28
Southeastern,MS,279,111,14,14,14,21,35,30,40,16-17,2017,28
Southeastern,MS,242,89,23,7,17,16,25,24,41,15-16,2016,28
Southeastern,MS,174,73,16,12,13,10,18,19,13,14-15,2015,28
Southeastern,MS,223,98,14,21,13,21,21,19,16,13-14,2014,28
Southeastern,MS,250,103,23,22,19,20,17,22,24,13-Dec,2013,28
Southeastern,MS,382,126,23,51,49,35,46,22,30,12-Nov,2012,28
Southeastern,MS,245,65,32,22,29,21,29,22,25,11-Oct,2011,28
Southeastern,MS,259,90,23,32,24,26,19,21,24,10-Sep,2010,28
Southeastern,MS,242,71,13,32,23,30,25,23,25,9-Aug,2009,28
Southeastern,MS,312,97,16,18,37,38,39,29,38,8-Jul,2008,28
Southeastern,MS,221,64,8,20,34,23,41,15,16,7-Jun,2007,28
Northern Plains,MT,"5,937","3,083",228,339,414,451,469,529,424,23-24,2024,30
Northern Plains,MT,"5,810","2,925",207,297,401,471,510,507,492,22-23,2023,30
Northern Plains,MT,"5,581","2,839",191,269,377,461,488,461,495,21-22,2022,30
Northern Plains,MT,4477,2219,170,243,312,387,412,356,378,20-21,2021,30
Northern Plains,MT,5046,2804,146,218,287,372,417,402,400,19-20,2020,30
Northern Plains,MT,"4,967","2,817",167,203,272,327,412,378,391,18-19,2019,30
Northern Plains,MT,"4,765","2,685",179,193,269,334,372,379,354,17-18,2018,30
Northern Plains,MT,"4,660","2,600",158,207,253,343,358,372,369,16-17,2017,30
Northern Plains,MT,"4,583","2,526",155,227,220,305,369,384,397,15-16,2016,30
Northern Plains,MT,"4,469","2,501",183,196,238,271,357,361,362,14-15,2015,30
Northern Plains,MT,"4,253","2,311",181,202,249,247,324,341,398,13-14,2014,30
Northern Plains,MT,"3,989","2,138",178,214,232,300,277,306,344,13-Dec,2013,30
Northern Plains,MT,"3,951","2,088",199,218,238,279,307,309,313,12-Nov,2012,30
Northern Plains,MT,"3,714","1,842",210,214,252,257,331,299,309,11-Oct,2011,30
Northern Plains,MT,"3,568","1,750",202,265,256,266,277,288,264,10-Sep,2010,30
Northern Plains,MT,"3,361","1,591",190,249,241,281,272,291,246,9-Aug,2009,30
Northern Plains,MT,"3,242",1513,210,230,276,260,263,252,238,8-Jul,2008,30
Rocky Mountain,MT,"2,993",1271,155,235,282,257,280,250,263,7-Jun,2007,30
Southeastern,NC,"8,174","2,978",390,626,793,972,976,896,543,23-24,2024,37
Southeastern,NC,"7,654","2,836",350,569,737,902,969,780,511,22-23,2023,37
Southeastern,NC,"7,191","2,759",322,558,665,742,913,774,458,21-22,2022,37
Southeastern,NC,5626,2173,316,470,570,647,630,492,328,20-21,2021,37
Southeastern,NC,7260,2760,302,498,618,713,870,821,678,19-20,2020,37
Southeastern,NC,"6,785","2,696",298,478,572,642,761,754,584,18-19,2019,37
Southeastern,NC,"6,982","3,121",329,447,580,629,615,654,607,17-18,2018,37
Southeastern,NC,"6,531","3,127",310,439,574,604,575,516,386,16-17,2017,37
Southeastern,NC,"6,730","3,385",291,496,560,656,574,463,305,15-16,2016,37
Southeastern,NC,"6,677","3,404",302,459,574,648,568,436,286,14-15,2015,37
Southeastern,NC,"6,180","3,045",291,439,583,580,575,401,266,13-14,2014,37
Southeastern,NC,"6,209","3,078",287,426,552,617,562,407,280,13-Dec,2013,37
Southeastern,NC,"6,397","3,117",298,464,550,627,574,455,312,12-Nov,2012,37
Southeastern,NC,"5,812","2,801",284,446,516,564,517,394,290,11-Oct,2011,37
Southeastern,NC,"5,598","2,645",295,392,523,571,548,350,274,10-Sep,2010,37
Southeastern,NC,"5,786","3,115",263,379,512,491,480,322,224,9-Aug,2009,37
Southeastern,NC,"5,966",3198,298,393,503,500,459,367,248,8-Jul,2008,37
Southeastern,NC,"5,726",3145,254,394,461,522,412,335,205,7-Jun,2007,37
Northern Plains,ND,"7,262",525,360,545,999,"1,120","1,208","1,219","1,286",23-24,2024,38
Northern Plains,ND,"7,394",565,396,596,952,"1,157","1,188","1,268","1,272",22-23,2023,38
Northern Plains,ND,"7,310",502,282,564,988,"1,121","1,228","1,250","1,375",21-22,2022,38
Northern Plains,ND,7051,479,279,511,935,1054,1212,1213,1368,20-21,2021,38
Northern Plains,ND,6981,371,268,436,903,1091,1199,1248,1465,19-20,2020,38
Northern Plains,ND,"6,781",331,248,452,889,"1,030","1,163","1,256","1,412",18-19,2019,38
Northern Plains,ND,"6,891",509,241,471,839,991,"1,170","1,240","1,430",17-18,2018,38
Northern Plains,ND,"6,896",595,239,432,848,976,"1,135","1,256","1,415",16-17,2017,38
Northern Plains,ND,"6,461",376,267,427,817,912,"1,087","1,221","1,354",15-16,2016,38
Northern Plains,ND,"5,832",346,278,423,754,927,"1,040",983,"1,081",14-15,2015,38
Northern Plains,ND,"5,587",328,246,417,720,880,964,"1,000","1,032",13-14,2014,38
Northern Plains,ND,"5,315",275,220,425,689,802,972,951,981,13-Dec,2013,38
Northern Plains,ND,"5,236",337,245,385,698,807,906,871,987,12-Nov,2012,38
Northern Plains,ND,"4,960",255,284,410,726,757,822,798,908,11-Oct,2011,38
Northern Plains,ND,"4,547",241,284,441,662,750,801,652,716,10-Sep,2010,38
Northern Plains,ND,"4,348",141,262,434,680,775,726,661,669,9-Aug,2009,38
Northern Plains,ND,"4,215",131,245,446,711,729,736,652,565,8-Jul,2008,38
Minnkota,ND,"4,248",131,271,383,748,736,775,632,572,7-Jun,2007,38
Central,NE,"2,205",400,180,266,292,275,278,278,236,23-24,2024,31
Central,NE,"2,151",369,183,238,284,300,260,290,227,22-23,2023,31
Central,NE,"2,144",378,156,232,294,300,267,268,249,21-22,2022,31
Central,NE,1875,388,135,219,264,263,247,196,163,20-21,2021,31
Central,NE,1954,388,118,200,261,297,271,224,195,19-20,2020,31
Central,NE,"1,921",351,151,166,260,280,272,242,199,18-19,2019,31
Central,NE,"1,981",375,137,180,241,287,293,265,203,17-18,2018,31
Central,NE,"2,009",423,128,192,199,281,281,259,246,16-17,2017,31
Central,NE,"1,931",404,116,173,215,266,272,250,235,15-16,2016,31
Central,NE,"1,839",326,124,157,225,235,275,253,244,14-15,2015,31
Central,NE,"1,693",212,109,167,198,216,263,244,284,13-14,2014,31
Central,NE,"1,599",199,119,166,181,212,217,239,266,13-Dec,2013,31
Central,NE,"1,683",275,140,159,173,208,203,241,284,12-Nov,2012,31
Central,NE,"1,626",222,142,185,181,178,210,204,304,11-Oct,2011,31
Central,NE,"1,459",224,154,189,184,180,172,172,184,10-Sep,2010,31
Central,NE,"1,563",207,168,208,214,220,179,176,191,9-Aug,2009,31
Central,NE,"1,532",165,155,226,224,216,183,164,199,8-Jul,2008,31
Central,NE,"1,578",168,170,228,241,225,206,179,161,7-Jun,2007,31
New England,NH,"5,569",594,463,693,805,777,836,724,677,23-24,2024,33
New England,NH,"5,645",610,487,700,818,788,799,733,710,22-23,2023,33
New England,NH,"5,662",625,433,696,853,837,790,698,730,21-22,2022,33
New England,NH,4936,408,388,691,820,813,745,557,514,20-21,2021,33
New England,NH,5818,651,394,680,863,878,834,736,782,19-20,2020,33
New England,NH,"5,805",674,383,653,874,880,876,726,739,18-19,2019,33
New England,NH,"5,846",627,384,617,869,892,886,787,784,17-18,2018,33
New England,NH,"5,910",609,401,591,857,945,895,812,800,16-17,2017,33
New England,NH,"6,000",802,369,627,859,931,912,782,718,15-16,2016,33
New England,NH,"6,252",968,386,595,876,934,953,787,753,14-15,2015,33
New England,NH,"6,211",926,400,606,876,901,912,814,776,13-14,2014,33
New England,NH,"6,300",854,450,681,827,971,878,898,741,13-Dec,2013,33
New England,NH,"6,399",987,388,689,851,"1,049",876,770,789,12-Nov,2012,33
New England,NH,"6,092",783,449,681,928,923,891,700,737,11-Oct,2011,33
New England,NH,"6,120",781,449,696,"1,001",927,902,689,675,10-Sep,2010,33
New England,NH,"6,881",750,468,925,"1,161","1,184","1,053",726,614,9-Aug,2009,33
New England,NH,"6,572",668,472,827,"1,024","1,105",990,805,681,8-Jul,2008,33
New England,NH,"6,460",579,437,836,"1,113","1,051","1,004",804,636,7-Jun,2007,33
Atlantic,NJ,"18,018","5,073","1,380","1,980","2,162","2,096","2,154","1,881","1,292",23-24,2024,34
Atlantic,NJ,"18,871","5,201","1,348","1,981","2,181","2,143","2,221","2,222","1,574",22-23,2023,34
Atlantic,NJ,"18,267","4,956","1,378","2,004","2,167","2,215","2,153","2,045","1,349",21-22,2022,34
Atlantic,NJ,15231,3222,1271,1937,2187,2174,1956,1555,929,20-21,2021,34
Atlantic,NJ,19404,5511,1403,2015,2327,2333,2316,2054,1445,19-20,2020,34
Atlantic,NJ,"20,256","5,715","1,514","2,067","2,382","2,442","2,434","2,102","1,600",18-19,2019,34
Atlantic,NJ,"19,498","5,203","1,424","2,252","2,499","2,425","2,313","2,041","1,341",17-18,2018,34
Atlantic,NJ,"19,656","5,527","1,434","2,186","2,512","2,494","2,258","1,911","1,334",16-17,2017,34
Atlantic,NJ,"18,978","5,568","1,374","2,168","2,545","2,578","2,157","1,669",919,15-16,2016,34
Atlantic,NJ,"18,753","5,154","1,375","2,129","2,575","2,549","2,274","1,762",935,14-15,2015,34
Atlantic,NJ,"18,438","5,170","1,404","1,970","2,473","2,503","2,275","1,720",923,13-14,2014,34
Atlantic,NJ,"18,264","5,200","1,454","2,030","2,424","2,486","2,194","1,662",814,13-Dec,2013,34
Atlantic,NJ,"17,819","4,548","1,507","2,070","2,244","2,596","2,288","1,688",878,12-Nov,2012,34
Atlantic,NJ,"17,292","4,579","1,465","2,033","2,284","2,291","2,096","1,579",965,11-Oct,2011,34
Atlantic,NJ,"16,041","4,026","1,375","2,093","2,329","2,201","1,983","1,389",645,10-Sep,2010,34
Atlantic,NJ,"16,604","6,097","1,746","2,228","2,080","1,719","1,288","1,001",445,9-Aug,2009,34
Atlantic,NJ,"16,549",4011,"1,412","2,119","2,568","2,370","1,923","1,448",698,8-Jul,2008,34
Atlantic,NJ,"16,017",3387,"1,300","2,092","2,537","2,440","2,078","1,406",777,7-Jun,2007,34
Rocky Mountain,NM,"1,469",595,69,85,128,147,154,159,132,23-24,2024,35
Rocky Mountain,NM,"1,490",631,74,96,114,140,142,149,144,22-23,2023,35
Rocky Mountain,NM,"1,425",574,84,94,106,129,142,134,162,21-22,2022,35
Rocky Mountain,NM,670,103,44,96,94,93,91,77,72,20-21,2021,35
Rocky Mountain,NM,1392,627,49,102,117,137,128,124,108,19-20,2020,35
Rocky Mountain,NM,"1,397",617,76,74,121,140,130,129,110,18-19,2019,35
Rocky Mountain,NM,"1,412",597,69,87,115,138,122,132,152,17-18,2018,35
Rocky Mountain,NM,"1,413",604,78,103,98,154,122,114,140,16-17,2017,35
Rocky Mountain,NM,"1,373",601,56,106,103,138,132,101,136,15-16,2016,35
Rocky Mountain,NM,"1,418",663,61,100,113,119,143,112,107,14-15,2015,35
Rocky Mountain,NM,"1,298",603,55,85,111,129,123,105,87,13-14,2014,35
Rocky Mountain,NM,"1,280",506,68,93,120,146,122,129,96,13-Dec,2013,35
Rocky Mountain,NM,"1,306",484,87,107,106,144,133,129,116,12-Nov,2012,35
Rocky Mountain,NM,"1,269",460,85,124,108,137,131,106,118,11-Oct,2011,35
Rocky Mountain,NM,"1,207",394,94,123,121,123,141,106,105,10-Sep,2010,35
Rocky Mountain,NM,"1,254",449,89,136,130,130,114,110,96,9-Aug,2009,35
Rocky Mountain,NM,"1,341",482,83,154,137,146,131,122,86,8-Jul,2008,35
Rocky Mountain,NM,"1,288",443,93,111,151,165,132,109,84,7-Jun,2007,35
Pacific,NV,"5,091","2,117",183,318,521,589,637,504,222,23-24,2024,32
Pacific,NV,"4,975","2,138",135,304,448,570,655,528,197,22-23,2023,32
Pacific,NV,"5,342","2,370",94,272,379,588,687,647,305,21-22,2022,32
Pacific,NV,3750,1655,75,160,290,395,468,441,266,20-21,2021,32
Pacific,NV,3235,1475,95,133,231,331,429,350,191,19-20,2020,32
Pacific,NV,"2,574","1,374",70,113,133,209,292,233,150,18-19,2019,32
Pacific,NV,"1,592",955,56,84,79,120,118,97,83,17-18,2018,32
Pacific,NV,"1,382",843,40,89,86,103,109,78,34,16-17,2017,32
Pacific,NV,"1,305",795,39,64,90,86,112,87,32,15-16,2016,32
Pacific,NV,"1,358",806,30,60,100,109,100,95,58,14-15,2015,32
Pacific,NV,"1,244",758,36,50,82,92,80,94,52,13-14,2014,32
Pacific,NV,"1,230",761,35,57,68,89,96,64,60,13-Dec,2013,32
Pacific,NV,"1,144",715,41,42,65,76,90,59,56,12-Nov,2012,32
Pacific,NV,"1,146",707,35,52,65,75,85,73,54,11-Oct,2011,32
Pacific,NV,940,522,51,59,56,67,65,66,54,10-Sep,2010,32
Pacific,NV,"1,067",565,63,67,86,81,77,68,60,9-Aug,2009,32
Pacific,NV,915,508,59,78,58,65,52,45,50,8-Jul,2008,32
Pacific,NV,"1,002",588,34,91,65,63,59,48,52,7-Jun,2007,32
New York,NY,"45,047","9,874","2,408","4,212","4,995","5,300","5,935","5,843","6,480",23-24,2024,36
New York,NY,"46,097","9,735","2,671","4,180","4,881","5,416","6,100","6,412","6,702",22-23,2023,36
New York,NY,"46,410","9,905","2,889","4,279","5,171","5,362","5,923","6,044","6,837",21-22,2022,36
New York,NY,37865,5600,2658,4364,4930,4991,5257,4976,5089,20-21,2021,36
New York,NY,47428,10884,2487,4455,5084,5556,5953,6037,6972,19-20,2020,36
New York,NY,"50,587","13,454","2,781","4,440","5,459","5,550","5,850","6,096","6,957",18-19,2019,36
New York,NY,"50,103","13,763","2,805","4,349","5,559","5,624","5,782","5,762","6,459",17-18,2018,36
New York,NY,"50,042","13,891","2,764","4,424","5,590","5,995","5,683","5,430","6,265",16-17,2017,36
New York,NY,"49,921","14,386","2,693","4,579","5,564","6,044","5,716","5,163","5,776",15-16,2016,36
New York,NY,"48,580","13,815","2,594","4,505","5,518","5,917","5,833","5,002","5,396",14-15,2015,36
New York,NY,"48,354","14,034","2,663","4,196","5,587","5,867","5,847","4,866","5,294",13-14,2014,36
New York,NY,"48,544","14,071","2,638","4,095","5,544","5,908","5,866","5,159","5,263",13-Dec,2013,36
New York,NY,"48,205","13,134","2,710","4,109","5,382","6,027","5,887","5,437","5,519",12-Nov,2012,36
New York,NY,"48,169","12,958","2,759","4,300","5,428","6,023","5,861","5,350","5,490",11-Oct,2011,36
New York,NY,"46,389","11,806","2,838","4,437","5,456","5,823","5,871","5,086","5,072",10-Sep,2010,36
New York,NY,"45,185","10,152","2,938","4,699","5,677","5,967","5,833","5,164","4,755",9-Aug,2009,36
New York,NY,"44,731",9924,"3,026","4,866","5,832","5,891","5,638","4,993","4,561",8-Jul,2008,36
New York,NY,"42,229",8380,"2,816","4,827","5,822","5,912","5,467","4,700","4,305",7-Jun,2007,36
Mid-American,OH,"18,034","5,501",949,"1,384","1,853","2,160","2,223","2,154","1,810",23-24,2024,39
Mid‐American,OH,"17,716","5,468",995,"1,362","1,814","2,098","2,203","2,009","1,767",22-23,2023,39
Mid‐American,OH,"16,882","5,449",941,"1,284","1,729","1,951","2,134","1,798","1,596",21-22,2022,39
Mid‐American,OH,14469,4328,835,1255,1670,1819,1903,1531,1128,20-21,2021,39
Mid‐American,OH,16123,5622,864,1208,1615,1870,1916,1771,1257,19-20,2020,39
Mid-American,OH,"16,224","5,759",892,"1,250","1,652","1,808","1,886","1,742","1,235",18-19,2019,39
Mid-American,OH,"15,686","5,462",884,"1,220","1,624","1,760","1,806","1,659","1,271",17-18,2018,39
Mid-American,OH,"15,446","5,445",897,"1,215","1,655","1,785","1,733","1,542","1,174",16-17,2017,39
Mid-American,OH,"14,954","5,342",892,"1,160","1,606","1,745","1,675","1,446","1,088",15-16,2016,39
Mid-American,OH,"14,735","5,183",846,"1,208","1,614","1,776","1,678","1,415","1,015",14-15,2015,39
Mid-American,OH,"14,387","5,173",842,"1,146","1,538","1,719","1,650","1,313","1,006",13-14,2014,39
Mid-American,OH,"14,430","5,117",848,"1,139","1,541","1,700","1,685","1,403",997,13-Dec,2013,39
Mid-American,OH,"14,476","4,932",926,"1,193","1,576","1,714","1,663","1,429","1,043",12-Nov,2012,39
Mid-American,OH,"14,272","4,771",952,"1,198","1,550","1,718","1,664","1,392","1,027",11-Oct,2011,39
Mid-American,OH,"13,579","4,272",925,"1,212","1,632","1,732","1,588","1,280",938,10-Sep,2010,39
Mid-American,OH,"13,218","4,009",824,"1,135","1,673","1,710","1,608","1,328",931,9-Aug,2009,39
Mid-American,OH,"12,922",3452,841,"1,174","1,780","1,814","1,680","1,297",884,8-Jul,2008,39
Mid-American,OH,"12,428",2492,859,"1,272","1,798","1,922","1,650","1,438",997,7-Jun,2007,39
Rocky Mountain,OK,993,262,43,82,106,161,126,129,84,23-24,2024,40
Rocky Mountain,OK,"1,069",318,41,74,95,158,143,128,112,22-23,2023,40
Rocky Mountain,OK,"1,017",311,47,67,103,135,166,104,84,21-22,2022,40
Rocky Mountain,OK,846,283,36,57,82,110,111,101,66,20-21,2021,40
Rocky Mountain,OK,912,255,21,66,89,130,135,124,92,19-20,2020,40
Rocky Mountain,OK,951,251,45,54,92,127,143,131,108,18-19,2019,40
Rocky Mountain,OK,973,295,41,55,74,112,127,137,132,17-18,2018,40
Rocky Mountain,OK,991,347,39,63,89,103,103,122,125,16-17,2017,40
Rocky Mountain,OK,"1,113",598,33,68,90,97,98,80,49,15-16,2016,40
Rocky Mountain,OK,"1,143",619,36,68,82,96,108,71,63,14-15,2015,40
Rocky Mountain,OK,738,420,30,46,74,66,57,27,18,13-14,2014,40
Rocky Mountain,OK,"1,089",584,47,53,81,100,93,79,52,13-Dec,2013,40
Rocky Mountain,OK,"1,015",483,59,66,71,107,98,81,50,12-Nov,2012,40
Rocky Mountain,OK,"1,113",640,50,65,69,80,94,68,47,11-Oct,2011,40
Rocky Mountain,OK,"1,051",580,59,63,78,75,85,74,37,10-Sep,2010,40
Rocky Mountain,OK,"1,058",585,64,73,74,74,72,75,41,9-Aug,2009,40
Rocky Mountain,OK,"1,102",628,81,81,71,85,61,61,34,8-Jul,2008,40
Rocky Mountain,OK,584,80,80,92,91,86,55,53,47,7-Jun,2007,40
Pacific,OR,"2,916","1,843",99,129,177,233,189,141,105,23-24,2024,41
Pacific,OR,"2,708","1,617",112,144,170,200,217,148,100,22-23,2023,41
Pacific,OR,"2,672","1,653",102,129,169,184,193,136,106,21-22,2022,41
Pacific,OR,1917,1030,86,137,170,175,146,117,56,20-21,2021,41
Pacific,OR,2776,1659,112,163,171,220,185,159,107,19-20,2020,41
Pacific,OR,"2,790","1,690",79,147,198,196,196,153,131,18-19,2019,41
Pacific,OR,"2,737","1,671",78,121,187,208,184,154,134,17-18,2018,41
Pacific,OR,"2,734","1,727",84,120,169,200,178,144,112,16-17,2017,41
Pacific,OR,"2,647","1,698",87,114,161,197,170,113,107,15-16,2016,41
Pacific,OR,"2,566","1,663",81,96,137,178,180,118,113,14-15,2015,41
Pacific,OR,"2,148","1,361",72,101,114,144,142,110,104,13-14,2014,41
Pacific,OR,"1,340",596,74,95,97,128,146,110,94,13-Dec,2013,41
Pacific,OR,881,225,76,95,111,110,97,94,73,12-Nov,2012,41
Pacific,OR,777,105,104,111,114,95,98,86,64,11-Oct,2011,41
Pacific,OR,804,146,91,131,103,114,104,77,38,10-Sep,2010,41
Pacific,OR,747,114,97,139,126,103,70,58,40,9-Aug,2009,41
Pacific,OR,995,307,113,135,132,97,98,68,45,8-Jul,2008,41
Pacific,OR,"1,115",370,139,157,137,122,89,58,43,7-Jun,2007,41
New England,RI,"3,580",487,268,437,476,415,455,428,614,23-24,2024,44
New England,RI,"3,566",477,293,437,460,465,441,407,586,22-23,2023,44
New England,RI,"3,495",435,236,421,487,482,425,428,581,21-22,2022,44
New England,RI,2920,220,197,378,496,449,447,383,350,20-21,2021,44
New England,RI,3855,534,240,369,515,534,529,455,679,19-20,2020,44
New England,RI,"3,919",551,200,369,519,559,529,507,685,18-19,2019,44
New England,RI,"3,988",550,236,355,516,568,564,525,674,17-18,2018,44
New England,RI,"4,206",560,290,384,570,603,597,532,670,16-17,2017,44
New England,RI,"4,535",673,368,405,559,613,613,562,742,15-16,2016,44
New England,RI,"4,532",733,211,409,548,644,640,592,755,14-15,2015,44
New England,RI,"4,621",648,277,390,569,642,630,640,825,13-14,2014,44
New England,RI,"4,748",685,320,389,553,663,642,649,847,13-Dec,2013,44
New England,RI,"4,911",801,201,395,565,639,668,690,952,12-Nov,2012,44
New England,RI,"4,611",601,240,416,537,636,644,645,892,11-Oct,2011,44
New England,RI,"4,641",551,245,399,581,641,653,657,914,10-Sep,2010,44
New England,RI,"4,901",527,207,424,705,705,739,664,930,9-Aug,2009,44
New England,RI,"4,891",587,196,400,621,726,685,706,970,8-Jul,2008,44
New England,RI,"4,640",497,165,359,626,751,691,674,877,7-Jun,2007,44
Southeastern,SC,"3,247","2,018",110,170,185,208,231,176,149,23-24,2024,45
Southeastern,SC,"3,008","1,852",97,133,194,186,201,200,145,22-23,2023,45
Southeastern,SC,"2,791","1,697",97,128,180,178,184,193,134,21-22,2022,45
Southeastern,SC,2076,1191,83,122,147,184,143,115,91,20-21,2021,45
Southeastern,SC,2208,1251,78,133,149,172,163,132,130,19-20,2020,45
Southeastern,SC,"2,427","1,404",92,119,153,157,198,175,129,18-19,2019,45
Southeastern,SC,"2,446","1,460",97,119,133,160,169,156,152,17-18,2018,45
Southeastern,SC,"2,177","1,294",87,124,124,146,147,137,118,16-17,2017,45
Southeastern,SC,"1,914","1,121",93,112,131,123,136,110,88,15-16,2016,45
Southeastern,SC,"2,091","1,217",95,98,133,147,150,138,113,14-15,2015,45
Southeastern,SC,"1,619",822,103,103,127,119,129,110,106,13-14,2014,45
Southeastern,SC,"1,453",710,84,130,116,112,107,106,88,13-Dec,2013,45
Southeastern,SC,"1,529",735,109,121,125,124,119,104,92,12-Nov,2012,45
Southeastern,SC,"1,467",650,91,134,133,148,124,93,94,11-Oct,2011,45
Southeastern,SC,"1,407",638,97,125,136,115,113,99,84,10-Sep,2010,45
Southeastern,SC,"1,393",673,102,121,138,111,113,86,49,9-Aug,2009,45
Southeastern,SC,"1,663",802,109,136,152,163,115,98,88,8-Jul,2008,45
Southeastern,SC,"1,770",799,104,145,129,168,143,123,159,7-Jun,2007,45
Northern Plains,SD,"2,919",175,230,359,385,432,438,439,461,23-24,2024,46
Northern Plains,SD,"2,941",251,237,355,393,418,428,405,454,22-23,2023,46
Northern Plains,SD,"3,056",282,222,349,410,401,436,432,524,21-22,2022,46
Northern Plains,SD,2841,298,198,315,378,399,394,396,463,20-21,2021,46
Northern Plains,SD,2835,292,213,304,367,422,380,393,464,19-20,2020,46
Northern Plains,SD,"2,849",329,210,288,349,413,422,383,455,18-19,2019,46
Northern Plains,SD,"2,928",424,213,300,334,388,442,378,449,17-18,2018,46
Northern Plains,SD,"2,933",397,207,300,331,373,456,429,440,16-17,2017,46
Northern Plains,SD,"2,933",424,187,294,349,373,410,440,456,15-16,2016,46
Northern Plains,SD,"2,868",449,191,269,358,357,398,423,423,14-15,2015,46
Northern Plains,SD,"2,788",467,172,260,329,368,372,385,435,13-14,2014,46
Northern Plains,SD,"2,663",434,192,253,281,360,350,363,430,13-Dec,2013,46
Northern Plains,SD,"2,556",407,191,239,290,333,367,353,376,12-Nov,2012,46
Northern Plains,SD,"2,458",326,188,273,279,308,381,331,372,11-Oct,2011,46
Northern Plains,SD,"2,151",151,196,271,267,293,320,336,317,10-Sep,2010,46
Northern Plains,SD,"2,141",175,188,250,312,277,308,337,294,9-Aug,2009,46
Northern Plains,SD,"2,095",151,184,291,314,274,284,302,295,8-Jul,2008,46
Minnkota,SD,"2,122",155,190,273,292,342,277,303,290,7-Jun,2007,46
Southeastern,TN,"4,901","2,141",265,365,403,444,491,462,330,23-24,2024,47
Southeastern,TN,"4,833","2,081",275,375,382,404,440,490,386,22-23,2023,47
Southeastern,TN,"4,932","2,194",271,351,415,406,501,448,346,21-22,2022,47
Southeastern,TN,4622,2133,252,347,361,387,441,403,298,20-21,2021,47
Southeastern,TN,5288,2455,242,333,359,448,486,504,461,19-20,2020,47
Southeastern,TN,"4,766","1,870",268,319,346,407,524,499,533,18-19,2019,47
Southeastern,TN,"4,740","1,822",245,334,311,380,552,546,550,17-18,2018,47
Southeastern,TN,"4,115","1,699",249,304,298,352,390,444,379,16-17,2017,47
Southeastern,TN,"3,662","1,572",240,302,317,304,324,353,250,15-16,2016,47
Southeastern,TN,"3,449","1,552",207,319,313,278,299,257,224,14-15,2015,47
Southeastern,TN,"2,938","1,088",221,287,311,291,277,253,210,13-14,2014,47
Southeastern,TN,"2,918","1,038",213,275,311,308,285,276,212,13-Dec,2013,47
Southeastern,TN,"2,880","1,003",206,275,249,317,281,259,290,12-Nov,2012,47
Southeastern,TN,"2,573",861,201,267,237,268,277,228,234,11-Oct,2011,47
Southeastern,TN,"2,430",763,212,278,264,248,272,224,169,10-Sep,2010,47
Southeastern,TN,"2,346",691,227,282,286,248,247,215,150,9-Aug,2009,47
Southeastern,TN,"2,451",701,224,337,276,286,229,207,191,8-Jul,2008,47
Southeastern,TN,"2,495",664,230,337,287,265,241,209,262,7-Jun,2007,47
Rocky Mountain,TX,"16,498","9,664",686,975,"1,224","1,288","1,190",879,592,23-24,2024,48
Rocky Mountain,TX,"16,294","9,449",651,955,"1,201","1,266","1,215",962,595,22-23,2023,48
Rocky Mountain,TX,"16,032","9,163",682,931,"1,137","1,235","1,251",977,656,21-22,2022,48
Rocky Mountain,TX,13569,7633,596,833,1003,1144,1002,795,563,20-21,2021,48
Rocky Mountain,TX,15221,9015,573,817,1005,1165,1165,884,597,19-20,2020,48
Rocky Mountain,TX,"15,393","9,072",593,764,959,"1,110","1,229",952,714,18-19,2019,48
Rocky Mountain,TX,"15,026","8,957",567,747,913,"1,080","1,078",982,702,17-18,2018,48
Rocky Mountain,TX,"14,636","8,696",583,789,888,"1,037","1,007",953,683,16-17,2017,48
Rocky Mountain,TX,"13,384","8,071",615,753,875,952,900,701,517,15-16,2016,48
Rocky Mountain,TX,"13,500","7,957",631,787,899,950,952,710,614,14-15,2015,48
Rocky Mountain,TX,"12,909","7,461",665,825,862,908,945,624,619,13-14,2014,48
Rocky Mountain,TX,"11,861","6,697",726,848,868,924,840,583,375,13-Dec,2013,48
Rocky Mountain,TX,"11,531","6,056",778,906,963,972,844,670,342,12-Nov,2012,48
Rocky Mountain,TX,"11,661","6,010",846,"1,031",955,974,859,608,378,11-Oct,2011,48
Rocky Mountain,TX,"10,909","5,445",871,"1,065",966,907,821,535,299,10-Sep,2010,48
Rocky Mountain,TX,"10,834","5,032",852,"1,184","1,096",966,839,571,294,9-Aug,2009,48
Rocky Mountain,TX,"11,443",5399,813,"1,228","1,176","1,018",907,589,313,8-Jul,2008,48
Rocky Mountain,TX,"10,403",4336,813,"1,157","1,260","1,094",873,570,300,7-Jun,2007,48
Rocky Mountain,UT,"4,235","1,507",382,526,487,444,347,337,205,23-24,2024,49
Rocky Mountain,UT,"4,041","1,457",287,532,481,419,362,295,208,22-23,2023,49
Rocky Mountain,UT,"3,861","1,440",308,445,460,377,352,271,208,21-22,2022,49
Rocky Mountain,UT,3239,1075,289,402,461,319,290,243,160,20-21,2021,49
Rocky Mountain,UT,3630,1579,276,417,395,333,246,221,163,19-20,2020,49
Rocky Mountain,UT,"4,708","2,528",294,466,383,381,257,221,178,18-19,2019,49
Rocky Mountain,UT,"4,445","2,332",257,431,417,355,274,199,180,17-18,2018,49
Rocky Mountain,UT,"4,579","2,418",306,393,412,327,316,214,193,16-17,2017,49
Rocky Mountain,UT,"4,144","2,114",271,356,369,353,312,210,159,15-16,2016,49
Rocky Mountain,UT,"4,138","2,165",302,356,341,360,262,199,153,14-15,2015,49
Rocky Mountain,UT,"4,421","2,533",242,373,314,332,280,193,154,13-14,2014,49
Rocky Mountain,UT,"4,457","2,345",267,357,345,353,353,259,178,13-Dec,2013,49
Rocky Mountain,UT,"4,341","2,241",277,315,362,330,321,298,197,12-Nov,2012,49
Rocky Mountain,UT,"4,274","2,150",291,347,361,344,316,254,211,11-Oct,2011,49
Rocky Mountain,UT,"3,981","1,934",344,372,320,334,284,224,169,10-Sep,2010,49
Rocky Mountain,UT,"3,943","1,790",386,376,342,350,305,239,155,9-Aug,2009,49
Rocky Mountain,UT,"3,948",1653,380,482,371,329,331,223,179,8-Jul,2008,49
Rocky Mountain,UT,"3,793",1544,379,461,369,351,319,228,142,7-Jun,2007,49
Southeastern,VA,"10,610","4,515",620,843,956,"1,028","1,098",952,598,23-24,2024,51
Southeastern,VA,"10,548","4,427",601,876,972,"1,051","1,048",989,584,22-23,2023,51
Southeastern,VA,"10,112","4,174",548,869,961,978,"1,063",909,610,21-22,2022,51
Southeastern,VA,8147,2815,479,794,932,961,954,750,462,20-21,2021,51
Southeastern,VA,10245,3956,574,826,1021,1072,1066,1013,717,19-20,2020,51
Southeastern,VA,"10,070","3,896",558,763,974,"1,058","1,090","1,007",724,18-19,2019,51
Southeastern,VA,"10,068","3,957",568,781,940,"1,048","1,047",944,783,17-18,2018,51
Southeastern,VA,"10,332","4,274",562,833,914,"1,030",954,984,781,16-17,2017,51
Southeastern,VA,"10,291","4,773",541,775,919,999,957,779,548,15-16,2016,51
Southeastern,VA,"10,063","4,673",524,748,903,947,966,764,538,14-15,2015,51
Southeastern,VA,"9,351","4,192",493,737,868,951,882,754,474,13-14,2014,51
Southeastern,VA,"9,145","4,143",472,750,810,920,832,718,500,13-Dec,2013,51
Southeastern,VA,"8,928","3,935",537,777,835,869,832,702,441,12-Nov,2012,51
Southeastern,VA,"7,838","3,308",508,678,750,711,784,624,475,11-Oct,2011,51
Southeastern,VA,"7,251","3,074",540,697,661,679,669,529,402,10-Sep,2010,51
Southeastern,VA,"6,672","2,629",576,674,699,662,589,514,329,9-Aug,2009,51
Southeastern,VA,"6,637",2721,556,718,717,620,565,459,281,8-Jul,2008,51
Southeastern,VA,"6,329",2438,495,782,693,665,589,415,252,7-Jun,2007,51
New England,VT,"4,088",482,177,297,519,573,615,679,746,23-24,2024,50
New England,VT,"4,214",694,181,270,533,563,588,653,732,22-23,2023,50
New England,VT,"4,289",823,148,243,490,538,576,635,836,21-22,2022,50
New England,VT,3265,269,138,247,473,546,533,497,562,20-21,2021,50
New England,VT,4340,857,145,261,531,554,586,575,831,19-20,2020,50
New England,VT,"4,332",910,121,213,550,559,569,617,793,18-19,2019,50
New England,VT,"4,407",948,109,223,550,612,580,605,780,17-18,2018,50
New England,VT,"4,473",940,138,232,517,637,610,574,825,16-17,2017,50
New England,VT,"4,618","1,070",158,231,537,618,631,568,805,15-16,2016,50
New England,VT,"4,538","1,035",151,259,528,595,657,599,714,14-15,2015,50
New England,VT,"4,756","1,241",159,254,535,598,626,592,751,13-14,2014,50
New England,VT,"4,861","1,276",163,266,571,628,592,615,750,13-Dec,2013,50
New England,VT,"4,488",730,213,295,582,598,597,658,815,12-Nov,2012,50
New England,VT,"4,663",617,234,338,580,689,599,644,962,11-Oct,2011,50
New England,VT,"4,443",612,245,350,587,641,581,570,857,10-Sep,2010,50
New England,VT,"4,436",617,215,376,591,634,612,588,803,9-Aug,2009,50
New England,VT,"4,411",559,227,390,650,645,624,615,701,8-Jul,2008,50
New England,VT,"4,553",580,231,426,671,660,615,653,717,7-Jun,2007,50
Mid-American,W PA,"13,085","2,969","1,122","1,508","1,717","1,627","1,627","1,475","1,040",23-24,2024,42
Mid‐American,W PA,"13,553","3,113","1,085","1,483","1,744","1,709","1,703","1,544","1,172",22-23,2023,42
Mid‐American,W PA,"13,340","2,937","1,148","1,502","1,649","1,759","1,716","1,476","1,153",21-22,2022,42
Mid‐American,W PA,12200,2463,1056,1457,1622,1700,1653,1368,881,20-21,2021,42
Mid‐American,W PA,14469,3539,1058,1554,1718,1702,1890,1724,1284,19-20,2020,42
Mid-American,W PA,"15,201","3,686","1,077","1,524","1,688","1,753","1,910","1,945","1,618",18-19,2019,42
Mid-American,W PA,"15,018","3,591","1,080","1,467","1,798","1,742","1,709","1,963","1,668",17-18,2018,42
Mid-American,W PA,"14,600","3,728","1,116","1,508","1,686","1,698","1,646","1,666","1,552",16-17,2017,42
Mid-American,W PA,"13,869","3,016","1,043","1,527","1,655","1,804","1,689","1,620","1,515",15-16,2016,42
Mid-American,W PA,"12,945","2,168",946,"1,467","1,667","1,712","1,714","1,750","1,521",14-15,2015,42
Mid-American,W PA,"12,862","2,043","1,038","1,391","1,627","1,680","1,773","1,745","1,565",13-14,2014,42
Mid-American,W PA,"13,060","2,095","1,163","1,405","1,604","1,750","1,664","1,735","1,644",13-Dec,2013,42
Mid-American,W PA,"12,757","2,013","1,100","1,377","1,542","1,720","1,659","1,758","1,588",12-Nov,2012,42
Mid-American,W PA,"12,311","1,928","1,054","1,468","1,367","1,559","1,570","1,552","1,813",11-Oct,2011,42
Mid-American,W PA,"10,866","1,676","1,057","1,372","1,346","1,347","1,371","1,273","1,424",10-Sep,2010,42
Mid-American,W PA,"9,512","1,447","1,041","1,282","1,382","1,183","1,156","1,081",940,9-Aug,2009,42
Mid-American,W PA,"8,986",1589,"1,087","1,311","1,206","1,140","1,017",893,743,8-Jul,2008,42
Mid-American,W PA,"8,692",1351,"1,373","1,346","1,225","1,120",910,735,632,7-Jun,2007,42
Pacific,WA,"12,282","6,639",382,647,790,"1,008","1,122",987,707,23-24,2024,53
Pacific,WA,"11,876","6,377",369,586,743,916,"1,076","1,035",774,22-23,2023,53
Pacific,WA,"11,403","6,028",394,541,746,848,"1,054",956,836,21-22,2022,53
Pacific,WA,6793,2709,326,461,630,705,733,695,534,20-21,2021,53
Pacific,WA,10941,5959,383,500,636,858,873,897,835,19-20,2020,53
Pacific,WA,"10,065","5,297",331,497,600,757,856,834,893,18-19,2019,53
Pacific,WA,"9,883","5,313",338,506,594,685,854,761,832,17-18,2018,53
Pacific,WA,"9,248","4,898",326,485,598,655,766,756,764,16-17,2017,53
Pacific,WA,"9,015","4,828",356,460,575,648,703,741,704,15-16,2016,53
Pacific,WA,"8,594","4,695",344,424,568,618,646,653,646,14-15,2015,53
Pacific,WA,"8,369","4,662",335,417,511,604,619,534,687,13-14,2014,53
Pacific,WA,"7,911","4,376",336,403,464,611,623,538,560,13-Dec,2013,53
Pacific,WA,"7,786","4,223",387,388,504,575,603,566,540,12-Nov,2012,53
Pacific,WA,"7,981","4,420",410,444,482,537,591,552,545,11-Oct,2011,53
Pacific,WA,"7,615","4,107",383,479,528,560,548,512,498,10-Sep,2010,53
Pacific,WA,"7,342","3,939",353,513,542,544,510,503,438,9-Aug,2009,53
Pacific,WA,"7,462",3940,395,477,581,579,554,488,448,8-Jul,2008,53
Pacific,WA,"7,255",3724,382,446,570,616,585,504,428,7-Jun,2007,53
Central,WI,"21,346","4,010",746,"1,189","2,477","2,921","2,975","3,285","3,743",23-24,2024,55
Central,WI,"21,206","4,011",753,"1,215","2,443","2,888","2,993","3,166","3,737",22-23,2023,55
Central,WI,"20,975","3,901",780,"1,113","2,370","2,826","3,024","2,992","3,969",21-22,2022,55
Central,WI,18247,2854,790,1280,2262,2657,2803,2575,3026,20-21,2021,55
Central,WI,20069,4227,701,1035,2159,2633,2869,2820,3625,19-20,2020,55
Central,WI,"20,238","4,395",722,"1,063","2,174","2,594","2,867","2,858","3,565",18-19,2019,55
Central,WI,"19,836","4,396",712,"1,036","2,097","2,533","2,745","2,803","3,514",17-18,2018,55
Central,WI,"19,294","4,217",692,989,"2,044","2,565","2,657","2,730","3,400",16-17,2017,55
Central,WI,"18,529","4,031",638,967,"2,080","2,433","2,588","2,613","3,179",15-16,2016,55
Central,WI,"17,917","3,843",680,901,"2,074","2,384","2,557","2,440","3,038",14-15,2015,55
Central,WI,"17,762","3,711",720,959,"2,128","2,419","2,493","2,432","2,900",13-14,2014,55
Central,WI,"17,538","3,395",740,"1,031","2,099","2,483","2,494","2,532","2,764",13-Dec,2013,55
Central,WI,"17,946","3,423",783,"1,035","2,144","2,529","2,554","2,485","2,993",12-Nov,2012,55
Central,WI,"18,245","3,665",820,"1,118","2,189","2,501","2,600","2,427","2,925",11-Oct,2011,55
Central,WI,"17,697","3,339",928,"1,186","2,202","2,485","2,553","2,338","2,666",10-Sep,2010,55
Central,WI,"17,556","3,054",932,"1,235","2,255","2,562","2,573","2,349","2,596",9-Aug,2009,55
Central,WI,"17,701",2652,897,"1,406","2,383","2,562","2,628","2,525","2,648",8-Jul,2008,55
Central,WI,"18,065",2482,908,"1,445","2,396","2,671","2,741","2,569","2,853",7-Jun,2007,55
Mid-American,WV,"1,025",274,66,91,115,128,117,95,139,23-24,2024,54
Mid‐American,WV,994,295,77,75,111,127,126,96,87,22-23,2023,54
Mid‐American,WV,980,265,64,92,101,111,134,108,105,21-22,2022,54
Mid‐American,WV,771,136,67,89,89,108,101,102,79,20-21,2021,54
Mid‐American,WV,1010,252,62,86,114,107,122,115,152,19-20,2020,54
Mid-American,WV,"1,205",288,49,84,112,125,146,161,240,18-19,2019,54
Mid-American,WV,"1,203",341,47,75,97,147,148,152,196,17-18,2018,54
Mid-American,WV,"1,152",336,50,68,89,122,140,152,195,16-17,2017,54
Mid-American,WV,"1,134",349,54,63,102,97,157,142,170,15-16,2016,54
Mid-American,WV,"1,159",341,69,60,89,116,132,144,208,14-15,2015,54
Mid-American,WV,"1,147",375,63,66,81,115,109,143,195,13-14,2014,54
Mid-American,WV,"1,149",342,66,82,79,98,137,142,203,13-Dec,2013,54
Mid-American,WV,"1,112",356,62,81,76,86,127,117,207,12-Nov,2012,54
Mid-American,WV,"1,159",380,67,79,92,86,106,139,210,11-Oct,2011,54
Mid-American,WV,"1,060",308,76,82,90,84,102,139,179,10-Sep,2010,54
Mid-American,WV,"1,059",302,76,94,91,91,106,110,189,9-Aug,2009,54
Mid-American,WV,996,252,82,84,102,98,105,104,169,8-Jul,2008,54
Mid-American,WV,"1,027",265,84,93,108,105,106,113,153,7-Jun,2007,54
Northern Plains,WY,"2,097",340,135,233,262,283,275,295,274,23-24,2024,56
Northern Plains,WY,"2,152",375,126,219,281,288,278,298,287,22-23,2023,56
Northern Plains,WY,"2,195",420,125,198,285,286,305,287,289,21-22,2022,56
Northern Plains,WY,1902,278,112,172,262,283,292,267,236,20-21,2021,56
Northern Plains,WY,2147,458,129,172,245,296,303,295,249,19-20,2020,56
Northern Plains,WY,"2,124",515,128,182,196,270,300,276,257,18-19,2019,56
Northern Plains,WY,"2,188",512,121,179,212,263,301,296,304,17-18,2018,56
Northern Plains,WY,"2,180",533,116,177,213,228,270,315,328,16-17,2017,56
Northern Plains,WY,"2,055",522,135,159,200,229,257,251,302,15-16,2016,56
Northern Plains,WY,"2,080",558,139,165,205,245,247,269,252,14-15,2015,56
Northern Plains,WY,"1,925",537,133,170,178,214,228,241,224,13-14,2014,56
Northern Plains,WY,"1,980",546,131,164,179,218,233,230,279,13-Dec,2013,56
Northern Plains,WY,"1,958",546,123,151,202,191,231,235,279,12-Nov,2012,56
Northern Plains,WY,"1,850",536,117,144,181,188,223,242,219,11-Oct,2011,56
Northern Plains,WY,"1,810",563,116,146,146,193,210,232,204,10-Sep,2010,56
Northern Plains,WY,"1,801",509,109,153,181,201,203,208,237,9-Aug,2009,56
Northern Plains,WY,"1,702",343,111,158,197,203,250,203,237,8-Jul,2008,56
Rocky Mountain,WY,"1,555",301,129,159,188,208,210,192,168,7-Jun,2007,56
Canada,,"2,312","1,070",623,398,119,35,29,17,21,23-24,2024,
Total,,"564,468","174,648","31,082","47,166","59,762","63,726","66,011","63,268","58,805",23-24,2024,
Total,,"556,186","168,276","30,895","46,836","59,141","63,490","65,415","63,313","58,820",22-23,2023,
Total,,"547,429","163,584","30,950","45,759","58,805","62,893","65,340","60,471","59,627",21-22,2022,
Total,,453826,110595,28502,44943,56571,59390,58455,50289,45081,20-21,2021,
Total,,561700,178048,29309,45033,58109,63535,65806,61209,60651,19-20,2020,
Total,,"567,908","181,765","29,383","44,506","58,487","63,630","66,100","62,179","61,858",18-19,2019,
Total,,"562,145","179,631","28,962","43,994","59,106","62,960","64,530","61,660","61,302",17-18,2018,
Total,,"555,175","180,400","29,223","43,933","58,666","63,635","62,845","58,426","58,047",16-17,2017,
Total,,"542,583","178,094","28,979","43,302","57,893","63,963","61,918","55,185","53,249",15-16,2016,
Total,,"533,172","174,428","28,502","42,333","57,185","62,928","61,871","53,779","52,146",14-15,2015,
Total,,"519,417","167,527","28,384","41,022","56,233","61,056","61,234","52,551","51,410",13-14,2014,
Total,,"510,279","160,618","28,961","41,208","55,096","60,987","60,453","53,521","49,435",13-Dec,2013,
Total,,"511,178","155,756","29,391","41,849","54,967","61,350","60,381","55,473","52,011",12-Nov,2012,
Total,,"500,579","149,694","30,093","43,057","54,642","59,022","58,580","53,205","52,286",11-Oct,2011,
Total,,"474,592","134,982","30,490","43,355","55,229","57,871","56,456","49,369","46,840",10-Sep,2010,
Total,,"465,975","126,695","30,006","44,470","57,362","58,813","56,173","49,141","43,315",9-Aug,2009,
Total,,"468,202",123167,"30,458","46,620","58,878","60,392","57,148","49,491","42,048",8-Jul,2008,
Total,,"457,038",109359,"29,523","46,333","60,015","62,130","57,946","49,843","41,889",7-Jun,2007,
